<keymap version="1" name="macOS copy" parent="Mac OS X 10.5+">
  <action id="ActivateGradleToolWindow">
    <keyboard-shortcut first-keystroke="shift ctrl g" />
  </action>
  <action id="ActivateTerminalToolWindow">
    <keyboard-shortcut first-keystroke="shift ctrl t" />
  </action>
  <action id="ChangesView.Revert">
    <keyboard-shortcut first-keystroke="shift ctrl meta z" />
  </action>
  <action id="CheckinProject">
    <keyboard-shortcut first-keystroke="shift ctrl meta c" />
  </action>
  <action id="Git.Branches">
    <keyboard-shortcut first-keystroke="shift ctrl meta b" />
  </action>
  <action id="Git.Fetch">
    <keyboard-shortcut first-keystroke="shift ctrl meta f" />
  </action>
  <action id="Git.Pull">
    <keyboard-shortcut first-keystroke="shift ctrl meta o" />
  </action>
  <action id="RerunTests">
    <keyboard-shortcut first-keystroke="ctrl meta r" />
  </action>
  <action id="Resume">
    <keyboard-shortcut first-keystroke="f10" />
  </action>
  <action id="Scala.ShowImplicits">
    <keyboard-shortcut first-keystroke="shift ctrl alt equals" />
    <keyboard-shortcut first-keystroke="shift ctrl alt add" />
  </action>
  <action id="SplitVertically">
    <keyboard-shortcut first-keystroke="shift alt r" />
  </action>
  <action id="StepOver" />
  <action id="Stop">
    <keyboard-shortcut first-keystroke="f8" />
  </action>
  <action id="TableResult.UnselectPreviousOccurrence" />
  <action id="ToggleLineBreakpoint">
    <keyboard-shortcut first-keystroke="f9" />
  </action>
  <action id="UnselectPreviousOccurrence" />
  <action id="Vcs.Push">
    <keyboard-shortcut first-keystroke="shift ctrl meta p" />
  </action>
</keymap>